date,rv
2023-01-03,0.00015999841596457380
2023-01-04,0.000036192491560838883
2023-01-05,0.000053485657914463774
2023-01-06,0.000034292175753568372
2023-01-09,0.000034326897665963036
2023-01-10,0.000025581895721658311
2023-01-11,0.000038771360344392378
2023-01-12,0.000021857516831128578
2023-01-13,0.000033654470142284451
2023-01-16,0.00022176993754359698
2023-01-17,0.000025932875168457813
2023-01-18,0.000013954721733088674
2023-01-19,0.000064311373427439038
2023-01-20,0.000022655480145370372
2023-01-30,0.000067658161940628342
2023-01-31,0.000067654186095550861
2023-02-01,0.000085489827170395473
2023-02-02,0.000039739360627316699
2023-02-03,0.000085478697046644496
2023-02-06,0.000051320422929097319
2023-02-07,0.000028417868354005162
2023-02-08,0.000049585710350284135
2023-02-09,0.000054892719298319179
2023-02-10,0.000038036349580723689
2023-02-13,0.000053226598784854729
2023-02-14,0.000022746127552568458
2023-02-15,0.000047833942166717691
2023-02-16,0.00030682761782281035
2023-02-17,0.00010135255758949652
2023-02-20,0.00012484177036115279
2023-02-21,0.000037389795821981120
2023-02-22,0.000038972688059189505
2023-02-23,0.000057134193803630837
2023-02-24,0.000068067150911938325
2023-02-27,0.000036834495470269827
2023-02-28,0.000091108475074090374
2023-03-01,0.00010722220757281080
2023-03-02,0.000020897441739952106
2023-03-03,0.000051997042444782312
2023-03-06,0.000050150266566539803
2023-03-07,0.00012205139636021703
2023-03-08,0.000018932545346619972
2023-03-09,0.000053972696653640331
2023-03-10,0.000043316232477834086
2023-03-13,0.000022428553788352546
2023-03-14,0.000086141776885872691
2023-03-15,0.000027526584931909526
2023-03-16,0.000058688639280424324
2023-03-17,0.00015019583425394644
2023-03-20,0.000068051197022738987
2023-03-21,0.000020804094565469763
2023-03-22,0.000026656118339727679
2023-03-23,0.000028274035109166707
2023-03-24,0.000012136737086919466
2023-03-27,0.000042828795709375252
2023-03-28,0.000022497121725026568
2023-03-29,0.000013831591995007926
2023-03-30,0.000069699975115907181
2023-03-31,0.000016960232841229076
2023-04-03,0.000042894268064039004
2023-04-04,0.000017703538388112087
2023-04-06,0.000011788819602879015
2023-04-07,0.000035494546782871153
2023-04-10,0.000012975574433274958
2023-04-11,0.000030582233487686636
2023-04-12,0.0000091118997064617028
2023-04-13,0.000017686040819565047
2023-04-14,0.000013989812445053768
2023-04-17,0.000039116692801808878
2023-04-18,0.000019732542835010673
2023-04-19,0.000016833450922698099
2023-04-20,0.000025225280642247861
2023-04-21,0.000078979394239352797
2023-04-24,0.000088735275196495376
2023-04-25,0.00012106495662928763
2023-04-26,0.000040279946757820808
2023-04-27,0.000078764977446361677
2023-04-28,0.000028458537172217231
2023-05-04,0.000026415749302142073
2023-05-05,0.000067612384770164016
2023-05-08,0.000051899301456197914
2023-05-09,0.000094771797629657491
2023-05-10,0.000027264470685701493
2023-05-11,0.000019115694217575836
2023-05-12,0.000077006028578120232
2023-05-15,0.000078507762646363215
2023-05-16,0.000039333233509906138
2023-05-17,0.000043709712154142458
2023-05-18,0.000069049241860519089
2023-05-19,0.000061833795347528549
2023-05-22,0.000085676400262214700
2023-05-23,0.000046469350159756095
2023-05-24,0.000027317717967236596
2023-05-25,0.000071704177943095158
2023-05-26,0.000076969922591544693
2023-05-29,0.000072949359136890998
2023-05-30,0.00010762851100262572
2023-05-31,0.000045864084815072974
2023-06-01,0.000069389961154083063
2023-06-02,0.000033891285962352076
2023-06-05,0.000019076162913037801
2023-06-06,0.00012816012886177273
2023-06-07,0.000051517040456915251
2023-06-08,0.000096588461560150781
2023-06-09,0.000015348593375405309
2023-06-12,0.000066725534550234340
2023-06-13,0.000026576669808006529
2023-06-14,0.000027693265348241911
2023-06-15,0.000050632742138938532
2023-06-16,0.000026163844975575698
2023-06-19,0.000016903712906855904
2023-06-20,0.000016949121256861170
2023-06-21,0.000037085470282947738
2023-06-26,0.000037540323386699990
2023-06-27,0.000046125990048033108
2023-06-28,0.000051429740102915312
2023-06-29,0.000025944876543600596
2023-06-30,0.000058644920633045495
2023-07-03,0.000050297991973832499
2023-07-04,0.0000073413641832313102
2023-07-05,0.000024379652966154323
2023-07-06,0.000058407397513590727
2023-07-07,0.000019586582905269363
2023-07-10,0.000047587000407942421
2023-07-11,0.000021475053698629334
2023-07-12,0.000036569923919350621
2023-07-13,0.000023013466449253529
2023-07-14,0.0000046791132037314726
2023-07-17,0.000034744299510090481
2023-07-18,0.000022508072467140228
2023-07-19,0.000026604099643796796
2023-07-20,0.000090582912919190677
2023-07-21,0.000058006259442611159
2023-07-24,0.000035927989217577504
2023-07-25,0.000034910641411829550
2023-07-26,0.000013589237936768136
2023-07-27,0.000041478803035654458
2023-07-28,0.00014428702600193915
2023-07-31,0.00012713452743355670
2023-08-01,0.000070529181836860675
2023-08-02,0.000077349994459373391
2023-08-03,0.000017425610336032341
2023-08-04,0.000070083546365953537
2023-08-07,0.000018143778745605360
2023-08-08,0.000048653637292095408
2023-08-09,0.000013385002233336815
2023-08-10,0.000038701367415034386
2023-08-11,0.000094658031546138193
2023-08-14,0.000075029751006322400
2023-08-15,0.000093862538572022093
2023-08-16,0.000035875238700428650
2023-08-17,0.000072175106755562960
2023-08-18,0.000062199964035146056
2023-08-21,0.000062099408885803135
2023-08-22,0.00016363940165874325
2023-08-23,0.000086346431840930084
2023-08-24,0.000073038602391664682
2023-08-25,0.000056831147043201039
2023-08-28,0.00056176252514427403
2023-08-29,0.00012518394142329830
2023-08-30,0.000037720296927826637
2023-08-31,0.000031961081449521038
2023-09-01,0.000029476032980863582
2023-09-04,0.000080188573671849335
2023-09-05,0.000016648906376572067
2023-09-06,0.000023987866787347050
2023-09-07,0.000031582868842801392
2023-09-08,0.000034277587168744755
2023-09-11,0.000095285920969970337
2023-09-12,0.000014883625256126721
2023-09-13,0.000088696430577764028
2023-09-14,0.000037571752074986513
2023-09-15,0.000068007399343094510
2023-09-18,0.000063973428768357752
2023-09-19,0.000023566466265415259
2023-09-20,0.0000072053305260918627
2023-09-21,0.000042354746012222599
2023-09-22,0.000063813541508057111
2023-09-25,0.000017561040483875641
2023-09-26,0.000024828917544085910
2023-09-27,0.000049787059421877320
2023-09-28,0.000031057866293371643
2023-10-09,0.00010785997226801684
2023-10-10,0.000061767849856452593
2023-10-11,0.000040922541447166872
2023-10-12,0.000038314089343396369
2023-10-13,0.000020689640249283520
2023-10-16,0.000062155528567065270
2023-10-17,0.000023985278088166787
2023-10-18,0.000015059077051522160
2023-10-19,0.000055005575801361512
2023-10-20,0.000047694315334856352
2023-10-23,0.00011655461880149080
2023-10-24,0.000073222672413250837
2023-10-25,0.000039530190729742109
2023-10-26,0.000034631937725508775
2023-10-27,0.00015692633195949044
2023-10-30,0.000043436581525046794
2023-10-31,0.000029622139733593398
2023-11-01,0.000044569930157123924
2023-11-02,0.000060694252645175836
2023-11-03,0.000040129025487905252
2023-11-06,0.000016099723231577324
2023-11-07,0.000022856197758115652
2023-11-08,0.000052945868884206320
2023-11-09,0.000021473667049888496
2023-11-10,0.000018516669543835119
2023-11-13,0.000046350788986242200
2023-11-14,0.000045449220339740016
2023-11-15,0.000028279567190660871
2023-11-16,0.000020710759580648705
2023-11-17,0.000025253440255264106
2023-11-20,0.000081796949749740402
2023-11-21,0.000078130013158698156
2023-11-22,0.000022789040957222173
2023-11-23,0.000039419809490075648
2023-11-24,0.000019189834511364853
2023-11-27,0.000070323315207954814
2023-11-28,0.000019482439163932756
2023-11-29,0.000052345228689039027
2023-11-30,0.000022711755735942244
2023-12-01,0.000086607677376888948
2023-12-04,0.000015872204092667313
2023-12-05,0.000039867905345494634
2023-12-06,0.000060782415090297700
2023-12-07,0.000055943303658476784
2023-12-08,0.000020911997014030936
2023-12-11,0.00021625883267777156
2023-12-12,0.000010742410739330632
2023-12-13,0.000050520524382964904
2023-12-14,0.000076409734160497146
2023-12-15,0.000091379576070708274
2023-12-18,0.000065807994213645929
2023-12-19,0.000049788174724840504
2023-12-20,0.000043120504231690724
2023-12-21,0.000083646994865730275
2023-12-22,0.000096602125030116476
2023-12-25,0.000012196190350795786
2023-12-26,0.000023128818774835996
2023-12-27,0.000044549639032723320
2023-12-28,0.00015164477788659247
2023-12-29,0.000017842554959867268
2024-01-02,0.000030908070938923473
2024-01-03,0.000042873779267155071
2024-01-04,0.00010208140452205982
2024-01-05,0.00016335378754385986
2024-01-08,0.000088210234863715184
2024-01-09,0.000044251222345787331
2024-01-10,0.00010376682842527956
2024-01-11,0.000081462589118189453
2024-01-12,0.000042386236701706918
2024-01-15,0.00010811938162956748
2024-01-16,0.000053693999136140972
2024-01-17,0.000055536434820831134
2024-01-18,0.00048104488657507038
2024-01-19,0.000062264963861609368
2024-01-22,0.00019302885379274273
2024-01-23,0.00014838059639397746
2024-01-24,0.00034649730730991105
2024-01-25,0.00013683413052689941
2024-01-26,0.000065037611524084932
2024-01-29,0.000064121580959144268
2024-01-30,0.000099553731800872125
2024-01-31,0.00012567205023221494
2024-02-01,0.00015017907465273789
2024-02-02,0.00080882999580703173
2024-02-05,0.00065644722238503714
2024-02-06,0.00024456609584335744
2024-02-07,0.00010623535856534404
2024-02-08,0.000045106065860149906
2024-02-19,0.000052546712306929296
2024-02-20,0.000036544964254062171
2024-02-21,0.00042652739902506663
2024-02-22,0.000028876953635798400
2024-02-23,0.000044661453843710163
2024-02-26,0.000049451928363147253
2024-02-27,0.000039858420731797665
2024-02-28,0.00014205452790592201
2024-02-29,0.000076022747367251905
2024-03-01,0.000055547675022886574
2024-03-04,0.000033858729857382261
2024-03-05,0.000082503471574038478
2024-03-06,0.000043247957530423564
2024-03-07,0.000070879330250200705
2024-03-08,0.000050254924357705982
2024-03-11,0.000038866214918101548
2024-03-12,0.000037147709685099900
2024-03-13,0.000023218594365203126
2024-03-14,0.00010466720450593449
2024-03-15,0.000066016284332891934
2024-03-18,0.000010994159857242430
2024-03-19,0.000039001560766127247
2024-03-20,0.000018922760651164803
2024-03-21,0.000029796547203950680
2024-03-22,0.00010113789732422385
2024-03-25,0.000054637028637281178
2024-03-26,0.000023441446886788938
2024-03-27,0.000030706385370818922
2024-03-28,0.00014947698904069757
2024-03-29,0.000013979881347618096
2024-04-01,0.000059967677639424056
2024-04-02,0.000022809194886585630
2024-04-03,0.000018345259551154533
2024-04-08,0.000027259250749166227
2024-04-09,0.000019000710817282883
2024-04-10,0.000056080884156709332
2024-04-11,0.000053774968923628007
2024-04-12,0.000070065122272472652
2024-04-15,0.000099314138679580763
2024-04-16,0.000069405461473128486
2024-04-17,0.00010979372703675702
2024-04-18,0.00010346856693643089
2024-04-19,0.000045778559423791777
2024-04-22,0.000045136763312296430
2024-04-23,0.000035933003434495333
2024-04-24,0.000029937700159916307
2024-04-25,0.000058827318877505792
2024-04-26,0.000055066648544143293
2024-04-29,0.00012217396039360026
2024-04-30,0.000021496739280567328
2024-05-06,0.000029710288254745846
2024-05-07,0.000012848705296744522
2024-05-08,0.000011463620316775107
2024-05-09,0.000031930872143996664
2024-05-10,0.000056348591617693925
2024-05-13,0.000073833679085562518
2024-05-14,0.000037304920616863139
2024-05-15,0.000026929036579589227
2024-05-16,0.000033306551020221871
2024-05-17,0.000069039654275198026
2024-05-20,0.000033025309967466092
2024-05-21,0.000018220776741067765
2024-05-22,0.000022152951997128936
2024-05-23,0.000046654664161559236
2024-05-24,0.000076372631887145994
2024-05-27,0.000020101316128928166
2024-05-28,0.000022450675319221449
2024-05-29,0.000039017563118046648
2024-05-30,0.000051166137557734644
2024-05-31,0.000038080542962948841
2024-06-03,0.000043574788663320048
2024-06-04,0.000056314586942850391
2024-06-05,0.000018163391246030110
2024-06-06,0.000076344010260543255
2024-06-07,0.000097579654915973526
2024-06-11,0.000043582940730250463
2024-06-12,0.000015629204476151054
2024-06-13,0.000029854304448012247
2024-06-14,0.000044701033047085743
2024-06-17,0.000016060765458238436
2024-06-18,0.000018057223792717122
2024-06-19,0.000013080263239851692
2024-06-20,0.000035405262594291916
2024-06-21,0.000041551131548228686
2024-06-24,0.000043925588414555291
2024-06-25,0.000074351982952027112
2024-06-26,0.000049343480461611568
2024-06-27,0.000016745026808109328
2024-06-28,0.000053821123653741894
2024-07-01,0.000059593440957131273
2024-07-02,0.000019628734023692084
2024-07-03,0.000021190389293107538
2024-07-04,0.000042860805738314576
2024-07-05,0.00010020539855955489
2024-07-08,0.000033796571037057293
2024-07-09,0.00012564003853921836
2024-07-10,0.000020054518577922955
2024-07-11,0.000060696920813560726
2024-07-12,0.000012612427644736446
2024-07-15,0.000014332581900974162
2024-07-16,0.000028046624706962042
2024-07-17,0.000034107406400287741
2024-07-18,0.000047847684803699083
2024-07-19,0.000076957049217749073
2024-07-22,0.000069114471282600635
2024-07-23,0.000082574668266999598
2024-07-24,0.000067880185238864782
2024-07-25,0.000050402025175190731
2024-07-26,0.000033664803647854944
2024-07-29,0.0000068046766477020293
2024-07-30,0.000028359793671687932
2024-07-31,0.000096057720298365609
2024-08-01,0.000035805527793347832
2024-08-02,0.000068117290973758636
2024-08-05,0.00017215223766833143
2024-08-06,0.00012652591917492896
2024-08-07,0.000049766359286353297
2024-08-08,0.000088497155353622683
2024-08-09,0.000044425106806570772
2024-08-12,0.000015548927934058210
2024-08-13,0.000029196671291155302
2024-08-14,0.0000084489570254891854
2024-08-15,0.00010477514100786141
2024-08-16,0.000023569738142573398
2024-08-19,0.000055021337161243559
2024-08-20,0.000047581233102580936
2024-08-21,0.000044250391855160169
2024-08-22,0.000021084202305958681
2024-08-23,0.000034009359166567086
2024-08-26,0.000036503365075040266
2024-08-27,0.000019795625767022566
2024-08-28,0.000039554545011841072
2024-08-29,0.000021413259104154307
2024-08-30,0.00020156176097599834
